{
  "multipart": [
    {
      "apply": {
        "model": "ifw:block/mithril_bars_post"
      }
    },
    {
      "apply": {
        "model": "ifw:block/mithril_bars_side"
      },
      "when": {
        "north": "true"
      }
    },
    {
      "apply": {
        "model": "ifw:block/mithril_bars_noside"
      },
      "when": {
        "north": "false"
      }
    },
    {
      "apply": {
        "model": "ifw:block/mithril_bars_side_alt"
      },
      "when": {
        "south": "true"
      }
    },
    {
      "apply": {
        "model": "ifw:block/mithril_bars_noside_alt",
        "y": 90
      },
      "when": {
        "south": "false"
      }
    },
    {
      "apply": {
        "model": "ifw:block/mithril_bars_side_alt",
        "y": 90
      },
      "when": {
        "west": "true"
      }
    },
    {
      "apply": {
        "model": "ifw:block/mithril_bars_noside",
        "y": 270
      },
      "when": {
        "west": "false"
      }
    },
    {
      "apply": {
        "model": "ifw:block/mithril_bars_side",
        "y": 90
      },
      "when": {
        "east": "true"
      }
    },
    {
      "apply": {
        "model": "ifw:block/mithril_bars_noside_alt"
      },
      "when": {
        "east": "false"
      }
    }
  ]
}