{
  "parent": "minecraft:block/block",
  "elements": [
    {
      "faces": {
        "down": {
          "cullface": "down",
          "texture": "#bottom"
        },
        "east": {
          "cullface": "east",
          "texture": "#side"
        },
        "north": {
          "cullface": "north",
          "texture": "#side"
        },
        "south": {
          "cullface": "south",
          "texture": "#side"
        },
        "up": {
          "texture": "#top"
        },
        "west": {
          "cullface": "west",
          "texture": "#side"
        }
      },
      "from": [
        0,
        0,
        0
      ],
      "to": [
        16,
        12,
        16
      ]
    }
  ],
  "textures": {
    "bottom": "ifw:block/emerald_enchanting_table_bottom",
    "particle": "ifw:block/emerald_enchanting_table_bottom",
    "side": "ifw:block/emerald_enchanting_table_side",
    "top": "ifw:block/emerald_enchanting_table_top"
  }
}